ante,abbreviation,aberdeen,aberdeenshire,ablative,abolition,aboriginal,archbishop,abridged,abridgement,absolute,abstract,academia,academy,academic,according,accusative,account,acceptance,accommodation,accomplished,accounts,achievement,annodomini,adaptationof,addendum,addenda,addition,address,adjective,adjectival,adjectivalphrase,adjectives,admiral,admiralty,administration,administrative,admonition,adverb,adverbial,advanced,advances,adventure,advices,advocate,advancement,advertisement,adverbs,advertisements,aerodynamics,aeronautics,aeronautical,affairs,affecting,affection,africa,agriculture,agricultural,against,alchemy,algebra,allegiance,alliterative,almanac,alphabet,alphabetical,alteration,america,american,analysis,analytic,anatomy,anatomical,ancient,anecdotes,anglian,angloindian,animal,annal,annual,anniversary,annotation,anonymous,answer,antiquities,anthropology,anthropological,antiquity,aphetic,aphetized,apocalyptic,apology,apologies,apparently,appendix,applied,application,appositive,april,arabic,arber,archaic,architecture,archive,archaeology,archaeological,archipelago,architectural,argument,arithmetic,arithmetical,arrangement,article,articulation,artificial,artillery,ashmole,assembly,assemblies,association,associationfootball,assyriology,astronomy,astrology,astronomic,astronautics,astronautical,attic,attributive,attribute,august,australia,author,autobiography,autobiographic,authorizedversion,ayrshire,bacteriology,bacteriologic,beforechrist,britishcolumbia,bedfordshire,before,belandthedragon,belgian,berkshire,berwickshire,between,bibliography,biochemistry,biochemical,biography,biographic,biology,biological,book,books,britishnationalcorpus,border,botany,botanic,bishop,brazilian,britain,british,buckinghamshire,building,bulletin,bureau,century,county,counties,circa,calendar,calculus,calligraphy,cambridge,campanology,canadian,canterbury,captain,cartography,cartographic,catalogue,catechism,catholic,central,ceramics,certificate,confer,rcomparer,church,chamber,character,charles,chemicalengineering,chemistry,chemical,cheshire,churchhistory,christian,chronicles,chronology,chronicle,cinematography,cinematographic,circle,civillaw,civilengineering,clause,club,classicalantiquities,classical,classification,climatology,clinical,cognatewith,colonel,colossians,collected,collection,college,collective,colloquial,colloquies,common,commission,combination,combiningform,combinations,commerce,incommercialusage,commentary,committee,commandment,commendation,commercial,commerciallaw,commonwealth,communication,comparative,compound,composition,companion,company,comparativeanatomy,compendium,compendious,complement,complete,concerning,concise,conchology,conclusion,concrete,conference,confession,confidential,conflict,confutation,congress,congregation,congressional,conjugation,conjunction,connecticut,consonant,conscience,consecrated,consecration,consideration,consolation,construction,construedwith,constitutionalhistory,constitution,contemporary,contemplation,contemptuous,contending,contention,continuation,contracted,contraction,contrasted,contradiction,contribution,controversial,controversy,convention,conversation,convocation,corinthians,cornwall,coronation,correspondence,corresponding,council,courtship,craniology,craniometry,criminal,criminallaw,critical,criticism,court,courts,cryptography,crystallography,count,cumberland,cyclopaedia,cytology,cytological,daniel,dative,daughter,districtofcolumbia,debate,december,declaration,dedicated,dedication,definite,definition,defence,deliverance,demonstrative,demonstration,department,deputy,depredation,derbyshire,derivative,derogatory,description,descriptive,deuteronomy,development,devonshire,dialect,dictionary,difficult,difficulty,diminutive,direction,disease,discourse,discipline,discovery,discrimination,discussion,dissertation,district,distemper,distilling,distribution,divinity,division,diversity,duke,document,doctrine,domestic,durham,dyslogistic,east,eastern,eastafrica,eastanglia,eastanglian,eastindies,eastindian,ecclesiastical,ecclesiastes,ecclesiasticalhistory,ecclesiasticallaw,ecclesiasticus,ecology,ecological,economics,economic,edition,edward,englishdialectdictionary,edinburgh,education,earlyenglishtextsociety,egyptian,egyptology,electricity,electric,electricalengineering,electromagnetism,electrophysiology,element,elementary,elizabeth,elizabethan,elliptical,embassy,embryology,embryologic,eastmidland,emphatic,encyclopaedia,encyclopaedic,encyclopaediabritannica,encyclopaediametropolitana,england,english,engineering,englishwomen,enquiry,entomology,entomological,enthusiasm,enzymology,earlyoldenglish,epistle,ephesians,epilogue,episcopacy,epitaph,equipment,erroneous,esdras,especially,essay,essential,establishment,esther,ethnology,etymology,etymological,euphemistic,evaluation,evangelical,evening,evidence,evolution,evolutionary,executivedocument,exaltation,examination,except,exchange,exchequer,execution,executive,exercise,exhibition,exhibit,exodus,expedition,experiment,experimental,explanation,explication,exploration,exposition,expository,ezekiel,feminine,folio,fable,familiar,family,farewell,february,folios,fifeshire,figurative,floruit,rflourishedr,footprint,forfarshire,fortification,fortnightly,foundation,father,french,from,fragment,fraternity,frequently,friendship,fundamental,furniture,future,galatians,garden,gardening,gastronomy,gazette,good,general,genitive,genesis,george,geography,geographic,geology,geologic,geometry,geometric,geomorphology,german,gerundial,glacier,glasgow,gloucestershire,glossary,gospel,government,grammar,grammaticalanalysis,great,gynaecology,habakkuk,haematology,haggai,hampshire,handbook,hebrew,hebrews,henry,heraldry,herbalism,herefordshire,hertfordshire,hieroglyphic,historical,history,historic,histology,histologic,homilies,horology,horticulture,horticultural,hosea,hospital,household,housekeeping,husbandry,hydraulic,hydrology,hydrological,ichthyology,icthyology,ideology,ideological,idolatry,illustrated,illustration,imaginary,imagination,imitative,immunology,imperative,imperfect,impersonal,impression,imprint,improved,improper,inaugural,inclosure,india,indicative,indirect,industry,indefinite,industrial,industrialrelations,infinitive,influenced,influence,innocence,innocent,inorganic,inquiry,institute,institution,instrumental,instruction,interjection,intelligence,intelligent,intellectual,intercourse,interlude,international,interpretation,interrogative,intransitive,introduction,introductory,inventory,inventories,invention,invertebrate,invertebrated,invertebratezoology,investigation,investment,invocation,irish,ireland,ironically,irregular,isaiah,italian,jahrbuch,james,jamieson,january,japanese,jeremiah,jocular,joshua,journal,journals,judges,july,june,junior,jurisdiction,jurisprudence,justification,king,kentish,kings,king8217sbenchdivision,kingdom,knowledge,keeper,line,laboratory,lamentations,lamentation,lancashire,language,languages,latin,lord,lords,lecture,leechdom,legend,leicestershire,letter,letters,leviticus,lexicon,library,limnology,lincolnshire,linguistic,linnean,literal,literary,literature,lithography,lithology,liturgy,lines,lateoldenglish,london,septuagint,masculine,maccabees,machinery,machine,magazine,magnetism,magnetic,malachi,manual,management,manchester,manipulation,manufacturing,manufacture,march,massachussets,mathematics,mathematical,matthew,measure,measurement,mechanics,mechanical,medieval,medicine,medical,meditation,memoir,mercury,merchant,metallurgy,metalliferous,metallography,metallographic,metamorphosis,metaphysics,metaphorical,meteorology,meteorologic,method,metrigratia,metropolitan,metropolis,mexican,micah,michigan,microbiology,microscopic,midland,military,mineralogy,minaralogic,miscellaneous,miscellany,misprinted,modern,monument,morphology,manuscript,manuscripts,mount,meeting,mountains,municipal,munificence,muniment,music,musical,museum,mystery,mythology,neuter,north,noun,northern,northafrica,nahum,northamerica,narrative,natural,naturalhistory,naturalphilosophy,naturalscience,nautical,naval,navigation,northcarolina,northdakota,northeastern,northeast,newenglishdictionary,nehemiah,neighbour,neighbourhood,nervous,neurology,neurologic,neurosurgery,newhampshire,newcastle,newsprint,northernirish,northernireland,number,nominative,nonconformist,nonceword,norfolk,northamptonshire,northumberland,northumbrian,norwegian,nottinghamshire,november,nouns,newsouthwales,newtestament,nuclear,numbers,numismatics,northwestern,northwest,newyork,newzealand,obadiah,obedience,object,objective,oblique,obsolete,observation,obstetric,obstetricmedicine,occasionally,occasional,occupation,occurrence,oceanography,oceanographic,october,oldenglish,oxfordenglishdictionary,official,office,oklahoma,ontario,ophthalmology,ophtalmologic,opposed,oppression,optics,oracle,order,ordinance,organic,organicchemistry,origin,original,orkney,ornithology,ornithologic,orthography,oldtestament,outline,oxford,oxfordshire,page,past,pennsylvania,palaeobotany,palaeography,palaeontology,palaeontologic,passiveparticiple,pastparticiple,paraphrase,paraphrased,parasitology,parliament,parliamentary,parnassus,passive,pasttense,pathology,pathologic,peculation,peninsula,perfect,perfection,perhaps,periodontology,periodontologic,person,persian,personal,persecution,personified,perthshire,peter,petrography,petrographic,petrology,petrologic,pharmacology,pharmaceutical,pharmacological,philosophy,philosophic,philippians,philadelphia,philemon,philology,philologic,phoenician,phonetic,phonology,photography,photographic,phrase,phrenology,physiology,physicalchemistry,physicalgeography,physiography,physiologic,pictorial,picture,plural,poetic,poetical,politics,political,politicaleconomy,polytechnic,popular,porcelain,portuguese,possessive,possible,possibly,posthumous,postmaster,pottery,participial,participialadjective,participialadjectives,participle,participles,publicrecords,present,practical,practice,preceding,predicate,predicative,prediction,prefix,preface,prehistoric,prehistory,preposition,prerogative,presbyterian,presbytery,preservation,presentparticiple,primer,principle,printing,privative,probably,probability,probabilities,problem,proceedings,product,prologue,pronoun,pronunciation,properly,property,properties,proprietary,prosody,proverb,proverbs,providence,provincial,provisional,psalms,pseudoarchaic,pseudodialect,pseudoscots,psychology,psychoanalysis,psychoanalytic,psychologic,psychopathology,psychopathologic,part,public,publication,purgatory,quarterly,queen,queenelizabeth,queensland,quantummechanics,queen8217sbenchdivision,quotation,quotations,quodvide,rwhichseer,royal,radiology,royalairforce,romancatholic,romancatholicchurch,reason,rebellion,record,reclamation,recollection,redemption,reduplicating,reference,reformation,refashioned,refashioning,reflexive,reflection,refusal,refutation,regular,register,regicide,related,relative,relating,religion,religious,reminiscence,remonstrance,renfrewshire,report,representative,representing,reproduction,reproductive,republic,research,residence,residential,return,retrospective,review,revised,revelation,revolution,rhetoric,rhetorical,rhodeisland,richard,royalnavy,roman,romans,romanantiquities,rossshire,roxburgh,rudiment,russia,russian,south,southern,southafrica,samuel,saskatchewan,saturday,saxon,scilicet,runderstandrorrsupplyr,scottish,scots,scandinavia,scandinavian,southcarolina,school,science,scientific,scotland,scripture,sculpture,southdakota,southeastern,southeast,seismology,selected,selectcommittee,selection,september,series,sermon,session,settlement,several,shakespeare,shepherd,shetland,shropshire,singular,society,sociology,sociological,somerset,songofsolomon,sonnet,spelling,spanish,specifically,special,specimen,specification,spectroscopy,saints,saint,street,staffordshire,standard,statistical,stockexchange,strong,stratigraphy,stratigraphical,structure,structural,scottishtextsociety,studies,subject,subjunctive,subordinate,subordinateclause,subscription,subsequent,substantive,suffix,suffolk,superlative,supplement,supplementary,supplication,suppression,surgery,surgical,survey,surveying,susanna,subverbo,runderthewordr,southwestern,southwest,syllable,symmetrical,symposium,system,tense,taxonomy,taxonomic,technical,technology,technological,telegraph,telecommunications,telegraphy,telegraphic,telephony,telephonic,teratology,terminology,terminological,terrestrial,testament,textbook,theatre,theatrical,theology,theological,theoretical,thermonuclear,thesaurus,thessalonians,timothy,titus,topography,topographic,translation,translating,tradition,traditional,tragedy,transitive,transaction,transferredsense,transubstantiation,travel,treasurer,treasury,treatise,treatment,tribune,trigonometry,tropical,troublesome,typography,unitedkingdom,ultimately,university,unknown,unnatural,unofficial,unstressed,urinary,unitedstates,unitedstatesairforce,unionofsovietsocialistrepublics,usually,utilitarian,verb,virginia,vacation,valediction,variant,variants,verbal,verbalnoun,verbalnouns,verbs,vegetable,vegetablephysiology,venetian,vertebrate,veterinary,veterinaryscience,veterinarymedicine,veterinarypathology,veterinarysurgery,victoria,vindication,vindicated,virgin,virology,videlicet,rnamelyr,vocabulary,volume,volumes,voyage,vulgar,vulgate,west,western,westafrica,warwickshire,word,westminster,westmoreland,william,wiltshire,westindies,westindian,wisconsin,wisdom,wisdomofsolomon,weak,week,work,weekly,works,wonderful,worcestershire,writing,westvirginia,yearbook,young,yorkshire,year,years,zechariah,zeitschrift,zephaniah,zoogeography,zoology,zoological,alabama,alaska,arizona,arkansas,california,colorado,connecticut,delaware,florida,georgia,hawaii,idaho,illinois,indiana,iowa,kansas,kentucky,louisiana,maine,maryland,massachusetts,michigan,minnesota,mississippi,missouri,montana,nebraska,nevada,new hampshire,new jersey,new mexico,new york,north carolina,north dakota,ohio,oklahoma,oregon,pennsylvania,rhode island,south carolina,south dakota,tennessee,texas,utah,vermont,virginia,washington,west virginia,wisconsin,wyoming,american samoa,district of columbia,federated states of micronesia,guam,marshall islands,northern mariana islands,palau,puerto rico,virgin islands,armed forces africa,armed forces americas,armed forces canada,armed forces europe,armed forces middle east,armed forces pacific
a,abbrev,aberd,aberdeensh,abl,abol,aborig,abp,abridg,abridgem,absol,abstr,acad,acad,acad,acc,accus,acct,accept,accomm,accompl,accts,achievem,ad,ad,add,add,addit,addr,adj,adj,adjphr,adjs,adm,admir,admin,admin,admonit,advb,advb,adv,adv,adv,adv,advoc,advancem,advt,advs,advts,aerodynam,aeronaut,aeronaut,aff,affect,affect,afr,agric,agric,agst,alch,alg,alleg,allit,alm,alph,alph,alt,amer,amer,anal,analyt,anat,anat,anc,anecd,angl,angloind,anim,ann,ann,anniv,annot,anon,answ,antiq,anthropol,anthropol,antiq,aphet,aphet,apoc,apol,apol,app,app,appl,applic,appos,apr,arab,arb,arch,archit,arch,archaeol,archaeol,archipel,archit,argt,arithm,arithm,arrangem,art,artic,artific,artill,ashm,assemb,assemb,assoc,assocfootball,assyriol,astron,astrol,astron,astronaut,astronaut,att,attrib,attrib,aug,austral,auth,autobiogr,autobiogr,av,ayrsh,bacteriol,bacteriol,bc,bc,bedfordsh,bef,belampdr,belg,berksh,berwicksh,betw,bibliogr,biochem,biochem,biogr,biogr,biol,biol,bk,bks,bnc,bord,bot,bot,bp,braz,brit,brit,bucks,build,bull,bur,cent,c,c,c,calend,calc,calligr,cambr,campanol,canad,canterb,capt,cartogr,cartogr,catal,catech,cath,cent,ceram,certif,cf,cf,ch,chamb,charac,chas,chemengin,chem,chem,chesh,chhist,chr,chrons,chronol,chron,cinematogr,cinematogr,circ,civlaw,civilengin,cl,cl,classantiq,class,classif,climatol,clin,cognw,col,coloss,coll,collect,coll,collect,colloq,colloq,comm,commiss,comb,combform,combs,comm,comm,comm,comm,commandm,commend,commerc,commlaw,commonw,communic,compar,cpd,compos,compan,comp,companat,compend,compend,compl,compl,conc,conc,conch,concl,concr,conf,conf,confid,confl,confut,congr,congreg,congress,conj,conj,conn,cons,consc,consecr,consecr,consid,consol,constr,const,constithist,constit,contemp,contempl,contempt,contend,content,contin,contr,contr,contr,contradict,contrib,controv,controv,convent,conversat,convoc,cor,cornw,coron,corresp,corresp,counc,courtsh,craniol,craniom,crim,crimlaw,crit,crit,ct,crts,cryptogr,crystallogr,ct,cumbld,cycl,cytol,cytol,dan,dat,dau,dc,deb,dec,declar,ded,ded,def,def,def,deliv,dem,demonstr,dept,dep,depredat,derbysh,deriv,derog,descr,descr,deut,devel,devonsh,dial,dict,diffic,diffic,dim,direct,dis,disc,discipl,discov,discrim,discuss,diss,dist,distemp,distill,distrib,div,div,divers,dk,doc,doctr,domest,durh,dyslog,e,east,eafr,eangl,eanglian,eind,eind,eccles,eccles,ecclhist,eccllaw,ecclus,ecol,ecol,econ,econ,ed,edw,edd,edinb,educ,eets,egypt,egyptol,electr,electr,electrengin,electromagn,electrophysiol,elem,elem,eliz,elizab,ellipt,emb,embryol,embryol,emidl,emph,encycl,encycl,encyclbrit,encyclmetrop,eng,eng,engin,englishw,enq,entomol,entomol,enthus,enzymol,eoe,epist,ephes,epil,episc,epit,equip,erron,esd,esp,ess,essent,establ,esth,ethnol,etymol,etymol,euphem,eval,evang,even,evid,evol,evol,exdoc,exalt,exam,exc,exch,exch,exec,exec,exerc,exhib,exhib,exod,exped,exper,exper,explan,explic,explor,expos,expos,ezek,fem,f,fab,famil,fam,farew,feb,ff,fifesh,fig,fl,fl,footpr,forfarsh,fortif,fortn,found,fr,fr,fr,fragm,fratern,freq,friendsh,fund,furnit,fut,gal,gard,gard,gastron,gaz,gd,gen,gen,gen,geo,geogr,geogr,geol,geol,geom,geom,geomorphol,ger,gerund,glac,glasg,gloucestersh,gloss,gosp,govt,gram,grammanalysis,gt,gynaecol,hab,haematol,hag,hants,handbk,heb,hebr,hen,her,herb,herefordsh,hertfordsh,hierogl,hist,hist,hist,histol,histol,hom,horol,hort,hort,hos,hosp,househ,housek,husb,hydraul,hydrol,hydrol,ichth,icthyol,ideol,ideol,idol,illustr,illustr,imag,imag,imit,immunol,imp,impf,impers,impr,impr,impr,improp,inaug,inclos,ind,indic,indir,ind,indef,industr,industrrel,infin,infl,infl,innoc,innoc,inorg,inq,inst,inst,instr,instr,interj,intell,intell,intellect,interc,interl,internat,interpr,interrog,intrans,introd,introd,invent,invent,invent,invertebr,invertebr,invertzool,investig,investm,invoc,ir,irel,iron,irreg,isa,ital,jahrb,jas,jam,jan,jap,jer,joc,josh,jrnl,jrnls,judg,jul,jun,jun,jurisdict,jurispr,justific,k,kent,kgs,king8217sbenchdiv,kingd,knowl,kpr,l,lab,lament,lament,lancs,lang,langs,lat,ld,lds,lect,leechd,leg,leics,let,lett,lev,lex,libr,limnol,lincs,ling,linn,lit,lit,lit,lithogr,lithol,liturg,ll,loe,lond,lxx,masc,macc,mach,mach,mag,magn,magn,mal,man,managem,manch,manip,manuf,manuf,mar,mass,math,math,matt,meas,measurem,mech,mech,med,med,med,medit,mem,merc,merch,metall,metallif,metallogr,metallogr,metamorph,metaph,metaphor,meteorol,meteorol,meth,metrgr,metrop,metrop,mex,mic,mich,microbiol,microsc,midl,milit,mineral,mineral,misc,miscell,mispr,mod,monum,morphol,ms,mss,mt,mtg,mts,munic,munif,munim,mus,mus,mus,myst,mythol,n,n,n,north,nafr,nah,namer,narrat,nat,nathist,natphilos,natsci,naut,nav,navig,ncarolina,ndakota,ne,ne,ned,neh,neighb,neighb,nerv,neurol,neurol,neurosurg,newhampsh,newc,newspr,nir,nirel,no,nom,nonconf,noncewd,norf,northants,northumbld,northumbr,norweg,notts,nov,ns,nsw,nt,nucl,num,numism,nw,nw,ny,nz,obad,obed,obj,obj,obl,obs,observ,obstetr,obstetrmed,occas,occas,occup,occurr,oceanogr,oceanogr,oct,oe,oed,offic,off,okla,ont,ophthalmol,ophthalmol,opp,oppress,opt,orac,ord,ord,org,orgchem,orig,orig,orkn,ornithol,ornithol,orthogr,ot,outl,oxf,oxon,p,pa,pa,palaeobot,palaeogr,palaeontol,palaeontol,papple,papple,paraphr,paraphr,parasitol,parl,parl,parnass,pass,pat,pathol,pathol,peculat,penins,pf,perf,perh,periodontol,periodontol,pers,pers,pers,persec,personif,perthsh,pet,petrogr,petrogr,petrol,petrol,pharmacol,pharmaceut,pharmacol,philos,philos,philipp,philad,philem,philol,philol,phoen,phonet,phonol,photogr,photogr,phr,phrenol,physiol,physicalchem,physicalgeogr,physiogr,physiol,pict,pict,plur,poet,poet,polit,polit,polecon,polytechn,pop,porc,port,poss,poss,poss,posth,postm,pott,ppl,ppladj,ppladjs,pple,pples,pr,pres,pract,pract,prec,predic,predic,predict,pref,pref,prehist,prehist,prep,prerog,presb,presb,preserv,prpple,prim,princ,print,priv,prob,probab,probab,probl,proc,prod,prol,pron,pronunc,prop,prop,prop,propr,pros,prov,prov,provid,provinc,provis,ps,pseudoarch,pseudodial,pseudosc,psychol,psychoanal,psychoanalyt,psychol,psychopathol,psychopathol,pt,publ,publ,purg,q,q,qeliz,qld,quantummech,queen8217sbenchdiv,quot,quots,qv,qv,roy,radiol,raf,rc,rcchurch,reas,rebell,rec,reclam,recoll,redempt,redupl,ref,ref,refash,refash,refl,refl,refus,refut,reg,regr,regic,rel,rel,rel,relig,relig,reminisc,remonstr,renfrewsh,rept,repr,repr,reprod,reprod,repub,res,resid,resid,ret,retrosp,rev,rev,rev,revol,rhet,rhet,rhodeisl,rich,rn,rom,rom,romantiq,rosssh,roxb,rudim,russ,russ,s,south,safr,sam,sask,sat,sax,sc,sc,scot,sc,scand,scand,scarolina,sch,sci,sci,scotl,script,sculpt,sdakota,se,se,seismol,sel,selcomm,select,sept,ser,serm,sess,settlem,sev,shaks,sheph,shetl,shropsh,sing,soc,sociol,sociol,som,songsol,sonn,sp,span,spec,spec,specim,specif,spectrosc,ss,st,st,staffs,stand,statist,stockexch,str,stratigr,stratigr,struct,struct,sts,stud,subj,subjunct,subord,subordcl,subscript,subseq,subst,suff,suff,superl,suppl,suppl,supplic,suppress,surg,surg,surv,surv,sus,sv,sv,sw,sw,syll,symmetr,symp,syst,t,taxon,taxon,techn,technol,technol,telegr,telecomm,telegr,telegr,teleph,teleph,teratol,terminol,terminol,terrestr,test,textbk,theatr,theatr,theol,theol,theoret,thermonucl,thes,thess,tim,tit,topogr,topogr,transl,transl,trad,trad,trag,trans,trans,transf,transubstant,trav,treas,treas,treat,treatm,trib,trigonom,trop,troubl,typogr,uk,ult,univ,unkn,unnat,unoffic,unstr,urin,us,usaf,ussr,usu,utilit,vb,va,vac,valedict,var,vars,vbl,vbln,vblns,vbs,veg,vegphysiol,venet,vertebr,vet,vetsci,vetmed,vetpath,vetsurg,vict,vindic,vindic,virg,virol,viz,viz,vocab,vol,vols,voy,vulg,vulg,w,west,wafr,warwicksh,wd,westm,westmrld,will,wiltsh,windies,wind,wis,wisd,wisd,wk,wk,wk,wkly,wks,wonderf,worcs,writ,wva,yearbk,yng,yorksh,yr,yrs,zech,zeitschr,zeph,zoogeogr,zool,zool,al,ak,az,ar,ca,co,ct,de,fl,ga,hi,id,il,in,ia,ks,ky,la,me,md,ma,mi,mn,ms,mo,mt,ne,nv,nh,nj,nm,ny,nc,nd,oh,ok,or,pa,ri,sc,sd,tn,tx,ut,vt,va,wa,wv,wi,wy,as,dc,fm,gu,mh,mp,pw,pr,vi,ae,aa,ae,ae,ae,ap
